{"cameraMode":{"drawMode":0,"name":"Shaded","section":"Shading Mode"},"sceneLighting":false,"audioPlay":false,"sceneViewState":{"showFog":false,"showMaterialUpdate":false,"showSkybox":false,"showFlares":false,"showImageEffects":false,"showParticleSystems":false,"showVisualEffectGraphs":true,"m_FxEnabled":true},"in2DMode":false,"pivot":{"x":-0.10606127977371216,"y":0.8115310072898865,"z":0.15357327461242677},"rotation":{"x":-0.006007825490087271,"y":0.9808018207550049,"z":-0.19250530004501344,"w":-0.030610257759690286},"size":1.4696006774902344,"orthographic":false}