{"cameraMode":{"drawMode":0,"name":"Shaded","section":"Shading Mode"},"sceneLighting":false,"audioPlay":false,"sceneViewState":{"showFog":true,"showMaterialUpdate":false,"showSkybox":true,"showFlares":true,"showImageEffects":true,"showParticleSystems":true,"showVisualEffectGraphs":true,"m_FxEnabled":true},"in2DMode":false,"pivot":{"x":0.181700199842453,"y":1.0740219354629517,"z":0.6843439936637878},"rotation":{"x":0.028478888794779779,"y":-0.9697604179382324,"z":0.1391342729330063,"w":0.19849686324596406},"size":0.5229309797286987,"orthographic":false}