{"cameraMode":{"drawMode":0,"name":"Shaded","section":"Shading Mode"},"sceneLighting":false,"audioPlay":false,"sceneViewState":{"showFog":true,"showMaterialUpdate":false,"showSkybox":true,"showFlares":true,"showImageEffects":true,"showParticleSystems":true},"in2DMode":false,"pivot":{"x":-0.08176231384277344,"y":0.6692450642585754,"z":-0.19707417488098145},"rotation":{"x":-0.043878402560949329,"y":0.9061751961708069,"z":-0.09715797752141953,"w":-0.4092455506324768},"size":1.8233213424682618,"orthographic":false}